Stimulus,alkane,citrus,earth,fat,flower,fruit,green,herb,mint,must,spice,sulfur,sweet,wood,CID,MolecularWeight,IsomericSMILES,IUPACName,name
244,0,0,0,0,1,0,0,0,0,0,0,0,1,0,244,108.14,C1=CC=C(C=C1)CO,phenylmethanol,benzyl alcohol
261,0,0,0,0,0,0,1,0,0,0,0,0,0,0,261,72.11,CCCC=O,butanal,butyraldehyde
262,0,0,0,0,0,1,0,0,0,0,0,0,0,0,262,90.12,CC(C(C)O)O,"butane-2,3-diol","2,3-butanediol"
263,0,0,0,0,0,1,0,0,0,0,0,0,0,0,263,74.12,CCCCO,butan-1-ol,1-butanol
323,0,0,0,0,0,0,1,0,0,0,0,0,1,0,323,146.14,C1=CC=C2C(=C1)C=CC(=O)O2,chromen-2-one,coumarin
325,0,0,0,0,0,0,0,1,0,0,0,0,0,1,325,150.22,CC(C)C1=CC=C(C=C1)CO,(4-propan-2-ylphenyl)methanol,4-isopropylbenzyl alcohol
356,1,0,0,0,0,0,0,0,0,0,0,0,0,0,356,114.23,CCCCCCCC,octane,octane
454,0,0,0,1,0,0,1,0,0,0,0,0,0,0,454,128.21,CCCCCCCC=O,octanal,octanal
460,0,0,0,0,0,0,0,0,0,0,0,0,1,0,460,124.14,COC1=CC=CC=C1O,2-methoxyphenol,guaiacol
702,0,0,0,0,0,0,0,0,0,0,0,0,1,0,702,46.07,CCO,ethanol,ethanol
878,0,0,0,0,0,0,0,0,0,0,0,1,0,0,878,48.11,CS,methanethiol,methanethiol
998,0,0,0,0,0,0,0,0,0,0,0,0,1,0,998,120.15,C1=CC=C(C=C1)CC=O,2-phenylacetaldehyde,phenylacetaldehyde
999,0,0,0,0,1,0,0,0,0,0,0,0,0,0,999,136.15,C1=CC=C(C=C1)CC(=O)O,2-phenylacetic acid,phenylacetic acid
1068,0,0,0,0,0,0,0,0,0,0,0,1,0,0,1068,62.14,CSC,methylsulfanylmethane,dimethyl sulfide
1136,0,0,0,0,0,0,0,0,0,0,0,1,0,0,1136,143.21,CC1=C(SC=N1)CCO,"2-(4-methyl-1,3-thiazol-5-yl)ethanol",4-methyl-5-thiazoleethanol
2345,0,0,0,0,0,0,0,1,0,0,0,0,0,0,2345,212.24,C1=CC=C(C=C1)COC(=O)C2=CC=CC=C2,benzyl benzoate,benzyl benzoate
2682,0,0,0,0,1,0,0,0,0,0,0,0,0,0,2682,242.44,CCCCCCCCCCCCCCCCO,hexadecan-1-ol,1-hexadecanol
2758,0,0,0,0,0,0,0,0,1,0,0,0,1,0,2758,154.25,CC1(C2CCC(O1)(CC2)C)C,"1,3,3-trimethyl-2-oxabicyclo[2.2.2]octane",eucalyptol
2969,0,0,0,1,0,0,0,0,0,0,0,0,0,0,2969,172.26,CCCCCCCCCC(=O)O,decanoic acid,decanoic acid
4276,0,0,0,0,0,0,0,0,0,0,1,0,0,0,4276,192.21,COC1=CC(=CC2=C1OCO2)CC=C,"4-methoxy-6-prop-2-enyl-1,3-benzodioxole",myristicin
5144,0,0,0,0,0,0,0,0,0,0,1,0,1,0,5144,162.18,C=CCC1=CC2=C(C=C1)OCO2,"5-prop-2-enyl-1,3-benzodioxole",safrole
5971,0,0,0,0,0,0,0,0,0,0,0,1,0,0,5971,99.16,C=CCN=C=S,3-isothiocyanatoprop-1-ene,allyl isothiocyanate
6054,0,0,0,0,0,0,0,0,0,0,1,0,0,0,6054,122.16,C1=CC=C(C=C1)CCO,2-phenylethanol,2-phenylethanol
6184,0,0,0,1,0,0,0,0,0,0,0,0,0,0,6184,100.16,CCCCCC=O,hexanal,hexanal
6213,0,0,0,0,0,0,0,0,0,0,0,1,0,0,6213,94.14,CS(=O)(=O)C,methylsulfonylmethane,dimethyl sulfone
6549,0,0,0,0,1,0,0,0,0,0,0,0,0,0,6549,154.25,CC(=CCCC(C)(C=C)O)C,"3,7-dimethylocta-1,6-dien-3-ol",linalool
6561,0,0,0,0,0,0,1,0,0,0,0,0,0,0,6561,72.11,CC(C)C=O,2-methylpropanal,isobutyraldehyde
6631,0,1,0,0,0,0,0,0,0,0,0,0,0,0,6631,198.3,CC1CCC(CC1)C(C)(C)OC(=O)C,2-(4-methylcyclohexyl)propan-2-yl acetate,dihydroterpinyl acetate
6920,0,0,0,0,0,0,0,0,0,0,0,1,0,0,6920,126.18,CC(=O)C1=CC=CS1,1-thiophen-2-ylethanone,2-acetylthiophene
6986,0,0,0,0,0,0,0,0,1,0,0,0,0,0,6986,154.25,CC1CCC(C(=O)C1)C(C)C,5-methyl-2-propan-2-ylcyclohexan-1-one,10458-14-7
6987,0,0,0,0,0,1,0,0,1,0,0,0,1,0,6987,152.23,CC1=CC(=O)C(CC1)C(C)C,3-methyl-6-propan-2-ylcyclohex-2-en-1-one,piperitone
7127,0,0,0,0,0,0,0,0,0,0,1,0,0,0,7127,178.23,COC1=C(C=C(C=C1)CC=C)OC,"1,2-dimethoxy-4-prop-2-enylbenzene",methyl eugenol
7150,0,0,0,0,0,0,0,1,0,0,0,0,1,0,7150,136.15,COC(=O)C1=CC=CC=C1,methyl benzoate,methyl benzoate
7165,0,0,0,0,1,1,0,0,0,0,0,0,0,0,7165,150.17,CCOC(=O)C1=CC=CC=C1,ethyl benzoate,ethyl benzoate
7194,0,0,0,0,1,0,0,0,0,0,0,0,0,0,7194,226.27,C1=CC=C(C=C1)CCOC(=O)C2=CC=CC=C2,2-phenylethyl benzoate,phenethyl benzoate
7269,0,0,0,0,0,0,0,0,0,0,0,0,1,0,7269,134.22,CC1=CC(=C(C=C1C)C)C,"1,2,4,5-tetramethylbenzene","1,2,4,5-tetramethylbenzene"
7302,0,0,0,0,0,0,0,0,0,0,0,0,1,0,7302,86.09,C1CC(=O)OC1,oxolan-2-one,gamma-butyrolactone
7335,0,0,0,0,0,0,1,0,0,0,0,0,0,0,7335,194.27,CC1=CCC(CC1OC(=O)C)C(=C)C,(2-methyl-5-prop-1-en-2-ylcyclohex-2-en-1-yl) acetate,carvyl acetate
7342,0,0,0,0,0,0,0,0,0,0,0,0,1,0,7342,116.16,CCOC(=O)C(C)C,ethyl 2-methylpropanoate,ethyl isobutyrate
7344,0,0,0,0,0,1,0,0,0,0,0,0,0,0,7344,118.13,CCOC(=O)C(C)O,ethyl 2-hydroxypropanoate,ethyl lactate
7362,0,0,0,0,0,0,0,0,0,0,0,0,1,0,7362,96.08,C1=COC(=C1)C=O,furan-2-carbaldehyde,furfural
7364,0,0,0,0,0,0,0,0,0,0,0,1,0,0,7364,112.15,C1=CSC(=C1)C=O,thiophene-2-carbaldehyde,thiophene-2-carbaldehyde
7410,0,0,0,0,1,0,0,0,0,1,0,0,0,0,7410,120.15,CC(=O)C1=CC=CC=C1,1-phenylethanone,acetophenone
7439,0,0,0,0,0,0,0,0,1,0,0,0,0,0,7439,150.22,CC1=CCC(CC1=O)C(=C)C,2-methyl-5-prop-1-en-2-ylcyclohex-2-en-1-one,carvone
7460,0,0,0,0,0,0,0,0,1,0,1,0,0,0,7460,136.23,CC1=CCC(C=C1)C(C)C,"2-methyl-5-propan-2-ylcyclohexa-1,3-diene",alpha-phellandrene
7463,0,1,0,0,0,0,0,0,0,0,0,0,0,0,7463,134.22,CC1=CC=C(C=C1)C(C)C,1-methyl-4-propan-2-ylbenzene,p-cymene
7590,0,0,0,0,0,1,0,0,0,0,0,0,1,0,7590,164.2,CCOC(=O)CC1=CC=CC=C1,ethyl 2-phenylacetate,ethyl phenylacetate
7720,0,0,0,0,0,0,1,0,0,0,0,0,0,0,7720,130.23,CCCCC(CC)CO,2-ethylhexan-1-ol,2-ethylhexan-1-ol
7738,0,0,0,0,1,0,0,0,0,0,0,0,0,0,7738,138.16,COC1=CC=C(C=C1)CO,(4-methoxyphenyl)methanol,4-methoxybenzyl alcohol
7742,0,0,0,1,0,1,0,0,0,0,0,0,0,0,7742,128.17,CCCC1CCC(=O)O1,5-propyloxolan-2-one,gamma-heptalactone
7749,0,0,0,0,0,1,0,0,0,0,0,0,0,0,7749,102.13,CCC(=O)OCC,ethyl propanoate,ethyl propionate
7765,0,0,0,0,0,1,0,0,0,0,0,0,0,0,7765,118.17,CCOC(C)OCC,"1,1-diethoxyethane",acetal
7794,0,0,0,1,0,0,0,0,0,0,0,0,0,0,7794,154.25,CC(CCC=C(C)C)CC=O,"3,7-dimethyloct-6-enal",citronellal
7797,0,0,0,0,0,1,0,0,0,0,0,0,0,0,7797,158.24,CCCCCCC(=O)OCC,ethyl heptanoate,ethyl heptanoate
7799,0,0,0,1,0,1,0,0,0,0,0,0,0,0,7799,172.26,CCCCCCCC(=O)OCC,ethyl octanoate,ethyl octanoate
7824,0,0,0,0,0,1,0,0,0,0,0,0,1,0,7824,130.18,CCCCCC(=O)OC,methyl hexanoate,methyl hexanoate
7895,0,0,0,0,0,1,0,0,0,0,0,0,0,0,7895,86.13,CCCC(=O)C,pentan-2-one,2-pentanone
7945,0,0,0,0,0,1,0,0,0,0,0,0,0,0,7945,130.18,CCOC(=O)CC(C)C,ethyl 3-methylbutanoate,ethyl isovalerate
8003,1,0,0,0,0,0,0,0,0,0,0,0,0,0,8003,72.15,CCCCC,pentane,pentane
8038,0,0,0,0,0,1,0,0,0,0,0,0,0,0,8038,116.16,CC(C)COC(=O)C,2-methylpropyl acetate,isobutyl acetate
8058,1,0,0,0,0,0,0,0,0,0,0,0,0,0,8058,86.18,CCCCCC,hexane,hexane
8103,0,0,0,0,1,0,1,0,0,0,0,0,0,0,8103,102.17,CCCCCCO,hexan-1-ol,1-hexanol
8106,0,0,0,0,0,0,0,0,0,0,0,1,0,0,8106,118.24,CCCCCCS,hexane-1-thiol,1-hexanethiol
8109,0,0,0,0,0,1,0,0,0,0,0,0,0,0,8109,104.15,CCOCCCO,3-ethoxypropan-1-ol,3-ethoxy-1-propanol
8129,0,0,0,0,0,0,1,0,0,0,0,0,0,0,8129,116.2,CCCCCCCO,heptan-1-ol,1-heptanol
8130,0,1,0,1,0,0,0,0,0,0,0,0,0,0,8130,114.19,CCCCCCC=O,heptanal,heptanal
8139,0,0,0,1,0,0,0,0,0,0,0,0,0,0,8139,214.34,CCCCCCCCCCCC(=O)OC,methyl dodecanoate,methyl laurate
8141,1,0,0,0,0,0,0,0,0,0,0,0,0,0,8141,128.25,CCCCCCCCC,nonane,nonane
8158,0,0,0,1,0,0,1,0,0,0,0,0,0,0,8158,158.24,CCCCCCCCC(=O)O,nonanoic acid,nonanoic acid
8163,0,0,0,0,0,0,1,0,0,0,0,0,0,0,8163,170.29,CCCCCCCCCC(=O)C,undecan-2-one,2-undecanone
8174,0,0,0,1,0,0,0,0,0,0,0,0,0,0,8174,158.28,CCCCCCCCCCO,decan-1-ol,1-decanol
8182,1,0,0,0,0,0,0,0,0,0,0,0,0,0,8182,170.33,CCCCCCCCCCCC,dodecane,dodecane
8186,0,0,0,0,0,0,0,0,0,0,0,0,1,0,8186,170.29,CCCCCCCCCCC=O,undecanal,undecanal
8193,0,0,0,1,0,0,0,0,0,0,0,0,0,0,8193,186.33,CCCCCCCCCCCCO,dodecan-1-ol,1-dodecanol
8194,0,1,0,1,0,0,0,0,0,0,0,0,0,0,8194,184.32,CCCCCCCCCCCC=O,dodecanal,dodecanal
8201,0,0,0,1,0,0,0,0,0,0,0,0,0,0,8201,298.5,CCCCCCCCCCCCCCCCCC(=O)OC,methyl octadecanoate,methyl stearate
8207,0,0,0,0,0,0,0,0,0,1,0,0,0,0,8207,200.36,CCCCCCCCCCCCCO,tridecan-1-ol,1-tridecanol
8222,1,0,0,0,0,0,0,0,0,0,0,0,0,0,8222,282.5,CCCCCCCCCCCCCCCCCCCC,icosane,eicosane
8257,0,0,0,0,0,0,0,1,0,0,0,0,0,0,8257,86.13,CC(C)(C=C)O,2-methylbut-3-en-2-ol,2-methyl-3-buten-2-ol
8294,0,0,0,0,0,1,0,0,0,0,0,0,1,0,8294,196.29,CC(=CCCC(C)(C=C)OC(=O)C)C,"3,7-dimethylocta-1,6-dien-3-yl acetate",linalyl acetate
8365,0,0,0,0,0,0,0,0,1,0,0,0,0,0,8365,166.17,CCOC(=O)C1=CC=CC=C1O,ethyl 2-hydroxybenzoate,ethyl salicylate
8635,0,0,0,0,1,0,0,0,0,0,0,0,0,0,8635,151.16,COC(=O)C1=CC=CC=C1N,methyl 2-aminobenzoate,methyl anthranilate
8748,0,0,0,0,0,0,0,0,0,1,0,0,0,0,8748,154.25,CC(=C)C1CCC(CC1)(C)O,1-methyl-4-prop-1-en-2-ylcyclohexan-1-ol,beta-terpineol
8835,0,0,0,0,0,1,0,0,0,0,0,0,1,0,8835,226.35,CCCC(=O)OCCC(C)CCC=C(C)C,"3,7-dimethyloct-6-enyl butanoate",citronellyl butyrate
8858,0,0,0,0,0,0,0,0,0,0,0,0,1,0,8858,98.14,CC(=CC(=O)C)C,4-methylpent-3-en-2-one,mesityl oxide
8900,1,0,0,0,0,0,0,0,0,0,0,0,0,0,8900,100.2,CCCCCCC,heptane,heptane
8907,0,0,0,1,0,0,0,0,0,0,0,0,0,0,8907,298.5,CCCCCCCCCCCCCCCC(=O)OC(C)C,propan-2-yl hexadecanoate,isopropyl palmitate
8908,0,0,0,0,0,1,0,1,0,0,0,0,0,0,8908,144.21,CCCCCCOC(=O)C,hexyl acetate,hexyl acetate
8914,0,0,0,1,0,0,1,0,0,0,0,0,0,0,8914,144.25,CCCCCCCCCO,nonan-1-ol,1-nonanol
8918,0,0,0,0,0,1,0,0,0,0,0,0,1,0,8918,186.29,CCCCCCCCCOC(=O)C,nonyl acetate,nonyl acetate
9895,0,0,0,0,0,0,0,0,1,0,0,0,0,0,9895,152.23,CC1=C(C(CCC1)(C)C)C=O,"2,6,6-trimethylcyclohexene-1-carbaldehyde",beta-cyclocitral
10106,0,0,0,0,0,0,0,0,0,0,1,0,0,0,10106,154.25,CC(C)C12CCC(O1)(CC2)C,1-methyl-4-propan-2-yl-7-oxabicyclo[2.2.1]heptane,"1,4-cineole"
10231,0,0,0,0,0,0,0,0,0,0,1,0,0,1,10231,222.24,COC1=C(C2=C(C=C1CC=C)OCO2)OC,"4,5-dimethoxy-6-prop-2-enyl-1,3-benzodioxole",dillapiole
10248,0,0,0,0,1,0,0,0,0,0,1,0,0,0,10248,208.25,COC1=CC(=CC(=C1OC)OC)CC=C,"1,2,3-trimethoxy-5-prop-2-enylbenzene",elemicin
10282,0,0,0,0,0,0,0,1,0,0,0,0,0,0,10282,154.25,CC1=CC(C(CC1)C(C)C)O,3-methyl-6-propan-2-ylcyclohex-2-en-1-ol,p-menth-1-en-3-ol
10408,0,0,0,1,0,0,0,0,0,0,0,0,0,0,10408,268.5,CC(C)CCCC(C)CCCC(C)CCCC(=O)C,"6,10,14-trimethylpentadecan-2-one","6,10,14-trimethylpentadecan-2-one"
10448,0,0,0,0,0,0,0,0,0,0,0,0,1,0,10448,106.19,CSCCCO,3-methylsulfanylpropan-1-ol,methionol
10583,0,0,0,0,0,0,0,1,0,0,0,0,0,0,10583,204.35,CC(=C)C1CCC(C(C1)C(=C)C)(C)C=C,"1-ethenyl-1-methyl-2,4-bis(prop-1-en-2-yl)cyclohexane","1-ethenyl-1-methyl-2,4-bis(prop-1-en-2-yl)cyclohexane"
10748,0,0,0,0,0,0,0,0,0,0,0,0,1,0,10748,176.17,COC1=CC2=C(C=C1)C=CC(=O)O2,7-methoxychromen-2-one,7-methoxycoumarin
10882,0,0,0,0,0,1,0,0,0,0,0,0,0,0,10882,130.18,CCCCC(=O)OCC,ethyl pentanoate,ethyl pentanoate
11006,1,0,0,0,0,0,0,0,0,0,0,0,0,0,11006,226.44,CCCCCCCCCCCCCCCC,hexadecane,hexadecane
11039,0,0,0,0,1,0,0,0,0,0,0,0,0,0,11039,102.13,CC(C)C(=O)OC,methyl 2-methylpropanoate,methyl isobutyrate
11086,0,0,0,0,0,0,0,0,0,0,0,0,1,0,11086,135.16,CC(=O)C1=CC=CC=C1N,1-(2-aminophenyl)ethanone,2'-aminoacetophenone
11126,0,0,0,0,0,0,0,0,0,0,0,1,0,0,11126,98.17,CC1=CC=CS1,2-methylthiophene,2-methylthiophene
11142,0,0,0,0,0,0,0,0,1,0,0,0,0,0,11142,136.23,CC(C)C1CCC(=C)C=C1,3-methylidene-6-propan-2-ylcyclohexene,beta-phellandrene
11168,0,0,0,0,0,0,0,0,0,0,0,1,0,0,11168,73.12,CSC#N,methyl thiocyanate,methyl thiocyanate
11173,0,0,0,0,0,0,0,1,0,0,0,0,0,0,11173,86.13,CC(=CCO)C,3-methylbut-2-en-1-ol,3-methyl-2-buten-1-ol
11230,0,0,0,0,0,0,0,0,0,1,0,0,0,0,11230,154.25,CC1=CCC(CC1)(C(C)C)O,4-methyl-1-propan-2-ylcyclohex-3-en-1-ol,4-carvomenthenol
11265,0,0,0,0,0,0,0,0,1,0,0,0,0,0,11265,100.16,CCC(=O)C(C)C,2-methylpentan-3-one,2-methyl-3-pentanone
11428,0,0,0,0,0,1,0,0,0,0,0,0,0,0,11428,88.15,CCC(CC)O,pentan-3-ol,3-pentanol
11468,0,0,0,0,0,0,0,0,0,1,0,0,0,0,11468,154.25,CC(C)C1=CCC(CC1)(C)O,1-methyl-4-propan-2-ylcyclohex-3-en-1-ol,p-menth-3-en-1-ol
11517,0,0,0,0,0,1,0,0,0,0,0,0,0,0,11517,200.32,CCCCCCCC(=O)OCCCC,butyl octanoate,butyl octanoate
11520,0,0,0,0,0,0,0,1,0,0,0,0,0,0,11520,116.2,CCCCC(CC)O,heptan-3-ol,heptan-3-ol
11613,0,0,0,0,0,0,1,0,0,0,0,1,0,0,11613,115.2,CCCCN=C=S,1-isothiocyanatobutane,butyl isothiocyanate
11635,1,0,0,0,0,0,0,0,0,0,0,0,0,0,11635,254.5,CCCCCCCCCCCCCCCCCC,octadecane,octadecane
12038,0,0,0,0,1,1,0,0,0,0,0,0,1,0,12038,196.2,CCOC(=O)C1=CC(=C(C=C1)O)OC,ethyl 4-hydroxy-3-methoxybenzoate,ethyl vanillate
12072,0,0,0,0,0,0,0,0,1,0,1,0,0,0,12072,154.25,CC1CCC(CC1O)C(=C)C,2-methyl-5-prop-1-en-2-ylcyclohexan-1-ol,dihydrocarveol
12101,0,0,0,0,0,0,0,0,0,1,0,0,0,0,12101,122.16,CCC1=CC(=CC=C1)O,3-ethylphenol,3-ethylphenol
12180,0,0,0,0,0,1,0,0,0,0,0,0,1,0,12180,102.13,CCCC(=O)OC,methyl butanoate,methyl butyrate
12209,0,0,0,0,0,1,0,0,0,0,0,0,0,0,12209,130.18,CCC(C)COC(=O)C,2-methylbutyl acetate,2-methylbutyl acetate
12230,0,0,0,0,0,0,0,0,0,0,0,1,0,0,12230,76.16,CCSC,methylsulfanylethane,ethyl methyl sulfide
12293,0,0,0,0,0,1,0,0,0,0,0,0,0,0,12293,158.24,CCCCCC(=O)OCCC,propyl hexanoate,propyl hexanoate
12294,0,0,0,0,0,1,0,0,0,0,0,0,0,0,12294,172.26,CCCCCC(=O)OCCCC,butyl hexanoate,butyl hexanoate
12388,1,0,0,0,0,0,0,0,0,0,0,0,0,0,12388,184.36,CCCCCCCCCCCCC,tridecane,tridecane
12389,1,0,0,0,0,0,0,0,0,0,0,0,0,0,12389,198.39,CCCCCCCCCCCCCC,tetradecane,tetradecane
12391,1,0,0,0,0,0,0,0,0,0,0,0,0,0,12391,212.41,CCCCCCCCCCCCCCC,pentadecane,pentadecane
12398,1,0,0,0,0,0,0,0,0,0,0,0,0,0,12398,240.5,CCCCCCCCCCCCCCCCC,heptadecane,heptadecane
12401,1,0,0,0,0,0,0,0,0,0,0,0,0,0,12401,268.5,CCCCCCCCCCCCCCCCCCC,nonadecane,nonadecane
12403,1,0,0,0,0,0,0,0,0,0,0,0,0,0,12403,296.6,CCCCCCCCCCCCCCCCCCCCC,henicosane,heneicosane
12405,1,0,0,0,0,0,0,0,0,0,0,0,0,0,12405,310.6,CCCCCCCCCCCCCCCCCCCCCC,docosane,docosane
12507,0,0,0,0,0,0,0,0,0,0,0,0,1,0,12507,134.17,COC1=CC=C(C=C1)C=C,1-ethenyl-4-methoxybenzene,4-methoxystyrene
12534,1,0,0,0,0,0,0,0,0,0,0,0,0,0,12534,324.6,CCCCCCCCCCCCCCCCCCCCCCC,tricosane,tricosane
12756,0,0,0,0,0,0,0,0,0,0,0,0,1,0,12756,114.14,CCC1CCC(=O)O1,5-ethyloxolan-2-one,gamma-caprolactone
12813,0,0,0,1,0,0,0,0,0,0,0,0,0,0,12813,170.25,CCCCCCC1CCC(=O)O1,5-hexyloxolan-2-one,gamma-decalactone
12844,0,0,0,0,0,1,0,0,0,0,0,0,1,0,12844,198.3,CCCCCCCC1CCCC(=O)O1,6-heptyloxan-2-one,delta-dodecalactone
13187,0,0,0,0,0,0,1,0,0,0,0,0,0,0,13187,142.24,CCCCCCCC(=O)C,nonan-2-one,2-nonanone
13654,0,0,0,0,0,1,0,0,0,0,0,0,1,0,13654,164.2,CC(C)OC(=O)C1=CC=CC=C1,propan-2-yl benzoate,isopropyl benzoate
14228,0,0,0,0,0,0,1,1,0,0,0,0,0,0,14228,228.37,CCCCCCCC(=O)OCCCCCC,hexyl octanoate,hexyl octanoate
14257,1,0,0,0,0,0,0,0,0,0,0,0,0,0,14257,156.31,CCCCCCCCCCC,undecane,undecane
14529,0,1,0,0,0,0,0,0,0,1,0,0,0,0,14529,150.22,CC1=CC=C(C=C1)C(C)(C)O,2-(4-methylphenyl)propan-2-ol,2-(4-methylphenyl)propan-2-ol
15380,0,0,0,0,0,0,0,0,0,0,0,1,0,0,15380,108.23,CSCSC,bis(methylsulfanyl)methane,bis(methylthio)methane
15600,1,0,0,0,0,0,0,0,0,0,0,0,0,0,15600,142.28,CCCCCCCCCC,decane,decane
16237,0,0,0,0,1,0,0,0,0,0,0,0,0,0,16237,178.23,CCOC(=O)CCC1=CC=CC=C1,ethyl 3-phenylpropanoate,ethyl 3-phenylpropionate
16441,0,0,0,0,0,0,0,0,0,0,1,0,0,0,16441,150.22,CC(=C)C1CCC(=CC1)C=O,4-prop-1-en-2-ylcyclohexene-1-carbaldehyde,perillaldehyde
16800,0,0,0,1,0,0,0,0,0,0,0,0,0,0,16800,149.23,CCCCCC1=CC=CC=N1,2-pentylpyridine,2-pentylpyridine
16821,0,0,0,0,1,1,0,0,0,0,0,0,1,0,16821,198.3,CCCCCCCCC1CCC(=O)O1,5-octyloxolan-2-one,gamma-dodecalactone
16997,0,0,0,0,0,0,0,0,0,0,1,0,0,0,16997,112.13,CCC1C=CC(=O)O1,2-ethyl-2H-furan-5-one,5-ethyl-2(5h)-furanone
17100,0,0,0,0,0,0,0,0,1,0,0,0,0,0,17100,154.25,CC1=CCC(CC1)C(C)(C)O,2-(4-methylcyclohex-3-en-1-yl)propan-2-ol,alpha-terpineol
17868,0,0,0,0,0,0,1,1,0,0,0,0,0,1,17868,136.23,CC1=CCC2(C1C2)C(C)C,2-methyl-5-propan-2-ylbicyclo[3.1.0]hex-2-ene,alpha-thujene
18686,0,0,0,0,0,1,0,0,0,0,0,0,0,0,18686,156.22,CCOC(=O)C1CCCCC1,ethyl cyclohexanecarboxylate,ethyl cyclohexanecarboxylate
18818,0,0,0,0,0,0,0,0,0,0,0,0,0,1,18818,136.23,CC(C)C12CCC(=C)C1C2,4-methylidene-1-propan-2-ylbicyclo[3.1.0]hexane,sabinene
19310,0,0,0,0,0,0,0,0,0,0,0,1,0,0,19310,126.3,CSSSC,(methyltrisulfanyl)methane,dimethyl trisulfide
20083,0,0,0,1,0,0,0,0,0,0,0,0,0,0,20083,130.23,CCCCCCC(C)O,octan-2-ol,octan-2-ol
20748,0,0,0,0,0,1,0,0,0,0,0,0,0,0,20748,142.2,COC(=O)C1CCCCC1,methyl cyclohexanecarboxylate,methyl cyclohexanecarboxylate
20861,0,0,0,0,0,0,0,0,0,0,0,0,1,0,20861,134.17,CCC1=CC=C(C=C1)C=O,4-ethylbenzaldehyde,4-ethylbenzaldehyde
20928,0,0,0,0,0,0,1,0,0,0,0,0,0,0,20928,100.16,CCCC(C=C)O,hex-1-en-3-ol,1-hexen-3-ol
20995,0,0,0,0,0,1,0,0,0,0,0,0,1,0,20995,154.27,CCCCCC1=CC=CS1,2-pentylthiophene,2-pentylthiophene
21828,0,0,0,0,0,0,0,0,0,0,0,1,0,0,21828,120.2,CC1SCCS1,"2-methyl-1,3-dithiolane","2-methyl-1,3-dithiolane"
22227,0,0,0,0,0,0,0,1,0,0,0,0,0,0,22227,152.23,C[C@@H]1CC[C@H](CC1=O)C(=C)C,"(2R,5R)-2-methyl-5-prop-1-en-2-ylcyclohexan-1-one",5524-05-0
22386,0,0,0,0,0,0,1,0,0,0,0,0,0,0,22386,88.15,CCCC(C)O,pentan-2-ol,2-pentanol
23686,0,0,0,0,0,1,0,0,0,0,0,0,0,0,23686,144.17,CC1=NC2=CC=CC=C2N=C1,2-methylquinoxaline,2-methylquinoxaline
24197,0,0,0,0,0,0,0,0,0,0,0,0,1,0,24197,190.19,CCOC(=O)CC(C(=O)OCC)O,diethyl 2-hydroxybutanedioate,diethyl malate
25311,0,0,0,0,1,0,0,0,0,1,0,0,1,0,25311,198.34,CCCCCCCCCCCCC=O,tridecanal,tridecanal
25915,0,0,0,0,0,1,0,0,0,0,0,0,1,0,25915,122.17,CCC1=NC=C(N=C1)C,2-ethyl-5-methylpyrazine,2-ethyl-5-methylpyrazine
26331,0,0,0,0,0,0,0,0,0,0,0,0,0,1,26331,108.14,CCC1=NC=CN=C1,2-ethylpyrazine,2-ethylpyrazine
26396,0,0,0,0,1,0,0,0,0,0,0,0,0,0,26396,170.25,CC1(C(CCC(O1)(C)C=C)O)C,"6-ethenyl-2,2,6-trimethyloxan-3-ol",14049-11-7
26447,0,0,0,0,0,0,1,0,0,0,0,0,0,0,26447,154.25,C[C@@H]1CC[C@H](C(=O)C1)C(C)C,"(2S,5R)-5-methyl-2-propan-2-ylcyclohexan-1-one",(-)-menthone
26808,0,0,0,0,0,0,0,0,0,1,0,0,0,0,26808,122.17,CC1=CN=C(C(=N1)C)C,"2,3,5-trimethylpyrazine","2,3,5-trimethylpyrazine"
27208,0,0,0,0,0,0,0,1,0,0,0,0,1,0,27208,222.37,CC1=CCC(CC1)(C(C)CCC=C(C)C)O,4-methyl-1-(6-methylhept-5-en-2-yl)cyclohex-3-en-1-ol,beta-bisabolol
28237,0,0,0,0,0,0,0,1,0,0,0,0,0,0,28237,204.35,CC(=C)[C@H]1CC[C@@]2(CCCC(=C)[C@H]2C1)C,"(3S,4aR,8aS)-8a-methyl-5-methylidene-3-prop-1-en-2-yl-1,2,3,4,4a,6,7,8-octahydronaphthalene",(-)-beta-selinene
29096,0,1,0,0,0,0,0,0,0,0,0,0,0,0,29096,156.26,CC(CCCC(C)(C)O)C=C,"2,6-dimethyloct-7-en-2-ol",dihydromyrcenol
29251,0,0,0,0,0,1,0,0,0,0,0,0,0,0,29251,240.42,CCCCCCCCCCCCCCC(=O)C,hexadecan-2-one,2-hexadecanone
29746,0,0,1,0,0,0,0,0,0,0,0,0,0,0,29746,182.3,C[C@H]1CCC[C@@]2([C@@]1(CCCC2)O)C,"(4S,4aS,8aR)-4,8a-dimethyl-1,2,3,4,5,6,7,8-octahydronaphthalen-4a-ol",geosmin
30248,0,0,0,0,0,0,0,0,1,0,0,0,0,0,30248,196.29,CC1CCC(CC1OC(=O)C)C(=C)C,(2-methyl-5-prop-1-en-2-ylcyclohexyl) acetate,dihydrocarvyl acetate
31234,0,0,0,0,0,1,0,0,0,0,0,0,0,0,31234,136.19,C1=CC=C(C=C1)CCCO,3-phenylpropan-1-ol,3-phenyl-1-propanol
31242,0,0,0,0,0,0,0,0,0,0,1,0,0,0,31242,122.16,CCC1=CC=C(C=C1)O,4-ethylphenol,4-ethylphenol
31244,0,0,0,0,0,0,0,0,1,0,0,0,1,0,31244,136.15,COC1=CC=C(C=C1)C=O,4-methoxybenzaldehyde,4-methoxybenzaldehyde
31249,0,0,0,0,0,1,0,0,0,0,0,0,0,0,31249,174.19,CCOC(=O)CCC(=O)OCC,diethyl butanedioate,diethyl succinate
31253,0,0,0,0,0,0,0,0,0,1,1,0,0,0,31253,136.23,CC(=CCCC(=C)C=C)C,"7-methyl-3-methylideneocta-1,6-diene",myrcene
31265,0,0,0,0,0,1,0,0,0,0,0,0,0,0,31265,144.21,CCCCCC(=O)OCC,ethyl hexanoate,ethyl caproate
31289,0,1,0,1,0,0,1,0,0,0,0,0,0,0,31289,142.24,CCCCCCCCC=O,nonanal,nonanal
31291,0,0,0,0,1,0,0,0,0,0,0,0,0,0,31291,212.37,CCCCCCCCCCCCCC=O,tetradecanal,tetradecanal
32594,0,0,1,0,0,0,0,0,0,0,1,0,0,0,32594,166.22,CC(C)CC1=NC=CN=C1OC,2-methoxy-3-(2-methylpropyl)pyrazine,2-isobutyl-3-methoxypyrazine
33166,0,0,1,0,0,0,0,0,0,0,0,0,0,0,33166,152.19,CC(C)C1=NC=CN=C1OC,2-methoxy-3-propan-2-ylpyrazine,2-isopropyl-3-methoxypyrazine
33637,0,0,0,0,1,0,0,0,0,0,0,0,0,0,33637,122.16,CC1=CC=CC=C1OC,1-methoxy-2-methylbenzene,2-methylanisole
34541,0,0,0,0,1,0,0,0,0,0,0,0,0,0,34541,242.44,CCCCCCCCCCCCC(CCC)O,hexadecan-4-ol,4-hexadecanol
41285,0,0,0,0,0,0,0,0,0,0,1,0,0,0,41285,156.22,CCCC[C@@H]1[C@@H](CC(=O)O1)C,"(4R,5R)-5-butyl-4-methyloxolan-2-one",cis-whiskey lactone
60968,0,0,1,0,0,0,1,1,0,0,0,0,0,0,60968,238.37,CC(C)CC(=O)OC1CC2CCC1(C2(C)C)C,"(1,7,7-trimethyl-2-bicyclo[2.2.1]heptanyl) 3-methylbutanoate",isobornyl isovalerate
60985,0,0,0,0,0,1,0,0,0,0,0,0,0,0,60985,226.35,CC(C)C(=O)OCCC(C)CCC=C(C)C,"3,7-dimethyloct-6-enyl 2-methylpropanoate",citronellyl isobutyrate
61016,0,0,0,0,0,1,1,0,0,0,0,0,0,0,61016,140.22,CC(CCC=C(C)C)C=O,"2,6-dimethylhept-5-enal","2,6-dimethyl-5-heptenal"
61040,0,1,0,0,0,0,0,0,0,0,0,0,0,0,61040,182.26,CC(=CCCC(C)(C=C)OC=O)C,"3,7-dimethylocta-1,6-dien-3-yl formate",linalyl formate
61041,0,0,0,0,0,0,0,1,0,0,0,0,1,0,61041,150.22,CC1=C(C(CC=C1)(C)C)C=O,"2,6,6-trimethylcyclohexa-1,3-diene-1-carbaldehyde",safranal
61184,0,0,0,0,0,1,0,0,0,0,0,0,0,0,61184,130.18,CCCC(=O)OC(C)C,propan-2-yl butanoate,isopropyl butyrate
61199,0,0,0,0,0,0,0,0,0,0,1,0,0,0,61199,142.15,CCC1C(=C(C(=O)O1)O)C,2-ethyl-4-hydroxy-3-methyl-2H-furan-5-one,698-10-2
61275,0,0,0,0,1,0,0,0,0,0,0,0,0,0,61275,152.23,CC1=CCOC(C1)C=C(C)C,"4-methyl-2-(2-methylprop-1-enyl)-3,6-dihydro-2H-pyran",nerol oxide
61325,0,0,0,0,0,0,0,0,0,0,0,0,1,0,61325,142.15,CC1C(=O)C(=C(O1)C)OC,"4-methoxy-2,5-dimethylfuran-3-one",4077-47-8
61416,0,0,0,0,0,0,0,1,0,0,0,0,0,0,61416,240.38,CCCCC(=O)OCCC(C)CCC=C(C)C,"3,7-dimethyloct-6-enyl pentanoate",citronellyl valerate
61653,0,0,1,0,0,0,0,0,0,0,0,0,0,0,61653,127.21,CC1=C(SC(=N1)C)C,"2,4,5-trimethyl-1,3-thiazole","2,4,5-trimethylthiazole"
61663,0,0,0,0,0,0,0,0,0,0,0,1,0,0,61663,126.18,CC1=CC=C(S1)C=O,5-methylthiophene-2-carbaldehyde,13679-70-4
61664,0,0,0,0,0,0,0,0,0,1,0,0,0,0,61664,116.18,CC1C(=O)CCS1,2-methylthiolan-3-one,13679-85-1
61812,0,0,0,0,0,1,0,0,0,0,0,0,0,0,61812,158.24,CCCCOC(=O)C(C)CC,butyl 2-methylbutanoate,butyl 2-methylbutyrate
61922,0,0,0,0,0,1,0,0,0,0,0,0,0,0,61922,118.2,CC(=O)CCSC,4-methylsulfanylbutan-2-one,4-methylthio-2-butanone
62237,0,0,0,0,0,0,0,0,0,0,0,1,0,0,62237,118.2,CCC(C(=O)C)S,3-sulfanylpentan-2-one,3-mercapto-2-pentanone
62321,0,0,0,0,0,0,0,0,0,0,0,0,1,0,62321,224.34,CCCC(=O)OC(C)(CCC=C(C)C)C=C,"3,7-dimethylocta-1,6-dien-3-yl butanoate",linalyl butyrate
62385,0,1,0,0,0,0,0,0,0,0,0,0,0,0,62385,132.2,CC1=CC=C(C=C1)C(=C)C,1-methyl-4-prop-1-en-2-ylbenzene,1195-32-0
62465,0,0,0,0,0,0,0,0,0,0,1,0,0,0,62465,152.19,CCC1=CC(=C(C=C1)O)OC,4-ethyl-2-methoxyphenol,4-ethyl-2-methoxyphenol
62484,0,0,0,0,0,0,0,1,0,0,0,0,0,0,62484,102.13,CCC(C(=O)C)O,3-hydroxypentan-2-one,3-hydroxy-2-pentanone
62566,0,0,0,0,0,0,0,1,0,0,0,0,0,0,62566,204.35,CC(C)[C@@H]1CC[C@@]2([C@H]1[C@@H]3[C@H]2CCC3=C)C,"(1S,2R,6S,7R,8S)-1-methyl-5-methylidene-8-propan-2-yltricyclo[5.3.0.02,6]decane",beta-bourbonene
62725,0,0,0,0,0,0,1,0,0,0,0,0,0,0,62725,141.24,CC(C)CC1=NC=CS1,"2-(2-methylpropyl)-1,3-thiazole",2-isobutylthiazole
62835,0,0,0,0,0,0,0,0,0,0,1,0,0,0,62835,128.13,CC1C(=C(C(=O)O1)O)C,"4-hydroxy-2,3-dimethyl-2H-furan-5-one",28664-35-9
68316,0,0,0,0,0,0,0,0,0,0,0,0,0,1,68316,150.22,CC(=CCCC1=COC=C1)C,3-(4-methylpent-3-enyl)furan,perillene
68346,0,0,0,0,0,0,1,1,0,0,0,0,0,0,68346,152.23,CC(=CC(=O)C(C)(C)C=C)C,"3,3,6-trimethylhepta-1,5-dien-4-one",artemisia ketone
70264,0,0,0,0,0,0,0,1,0,0,1,0,0,0,70264,112.17,COC1=CCCCC1,1-methoxycyclohexene,1-methoxycyclohexene
79828,0,0,0,0,0,0,0,0,0,0,0,1,0,0,79828,158.3,CSSSSC,(methyltetrasulfanyl)methane,dimethyl tetrasulfide
80208,0,0,0,0,1,0,0,0,0,0,1,0,0,0,80208,151.16,C1=CC=C(C=C1)CC[N+](=O)[O-],2-nitroethylbenzene,(2-nitroethyl)benzene
80408,0,0,0,0,0,0,0,0,0,0,0,1,0,0,80408,130.2,C1=CSC(=C1)CS,thiophen-2-ylmethanethiol,2-thenylmercaptan
84825,0,0,0,0,0,0,0,0,1,0,0,0,0,0,84825,150.22,CC1=C(OC=C1)CC=C(C)C,3-methyl-2-(3-methylbut-2-enyl)furan,rosefuran
85568,0,0,0,0,0,0,0,1,0,0,0,0,0,0,85568,154.25,CC1=C[C@@H]([C@H](CC1)C(C)C)O,"(1R,6R)-3-methyl-6-propan-2-ylcyclohex-2-en-1-ol",trans-piperitol
86748,0,1,0,0,0,0,0,0,0,0,0,0,0,1,86748,156.26,CC(C)CCCC(C)(C=C)O,"3,7-dimethyloct-1-en-3-ol","3,7-dimethyl-1-octen-3-ol"
86753,0,0,0,0,0,1,0,1,0,0,0,0,0,0,86753,154.25,CC1=CCC(CC1)C(C)CO,2-(4-methylcyclohex-3-en-1-yl)propan-1-ol,p-menth-1-en-9-ol
89316,0,0,0,0,0,0,0,0,0,0,0,0,0,1,89316,204.35,CC(C)C1=CC(C(CC1)(C)C=C)C(=C)C,4-ethenyl-4-methyl-1-propan-2-yl-3-prop-1-en-2-ylcyclohexene,"cyclohexene, 4-ethenyl-4-methyl-3-(1-methylethenyl)-1-(1-methylethyl)-, (3r-trans)-"
91224,0,0,0,0,0,0,1,0,0,0,0,0,0,1,91224,204.35,CC1=CCC2C(C1)CC(CC=C2C)(C)C,"3,6,6,9-tetramethyl-1,4,4a,5,7,9a-hexahydrobenzo[7]annulene","3,6,6,9-tetramethyl-4,4a,5,6,7,9a-hexahydro-1h-benzo[7]annulene"
91457,0,0,0,0,0,0,1,0,0,0,0,0,0,1,91457,222.37,C[C@]12CCCC(=C)[C@@H]1C[C@@H](CC2)C(C)(C)O,"2-[(2R,4aR,8aS)-4a-methyl-8-methylidene-1,2,3,4,5,6,7,8a-octahydronaphthalen-2-yl]propan-2-ol",beta-eudesmol
91496,0,0,0,0,0,1,0,0,0,0,0,0,0,0,91496,152.23,CC(=C)C1CCC2(C(C1)O2)C,1-methyl-4-prop-1-en-2-yl-7-oxabicyclo[4.1.0]heptane,limonene oxide
92138,0,0,0,0,0,0,1,0,0,0,0,0,0,1,92138,222.37,CC(=C)[C@@H]1C[C@@H](CC[C@@]1(C)C=C)C(C)(C)O,"2-[(1R,3S,4S)-4-ethenyl-4-methyl-3-prop-1-en-2-ylcyclohexyl]propan-2-ol",elemol
92139,0,0,0,0,0,0,0,1,0,0,0,0,0,0,92139,202.33,CC1=CC=C(C=C1)C(C)CCC=C(C)C,1-methyl-4-(6-methylhept-5-en-2-yl)benzene,alpha-curcumene
92231,0,0,0,0,0,1,0,1,0,0,0,0,0,0,92231,220.35,C[C@@]1(CC[C@@H]2[C@@H]1[C@H]3[C@H](C3(C)C)CCC2=C)O,"(1aR,4aR,7S,7aR,7bR)-1,1,7-trimethyl-4-methylidene-1a,2,3,4a,5,6,7a,7b-octahydrocyclopropa[h]azulen-7-ol",spathulenol
92313,0,0,0,0,0,0,0,0,0,0,0,0,0,1,92313,204.35,CC1=C[C@H]2[C@H](CC1)C(=C)CC[C@@H]2C(C)C,"(1R,4aS,8aS)-7-methyl-4-methylidene-1-propan-2-yl-2,3,4a,5,6,8a-hexahydro-1H-naphthalene",(-)-gamma-cadinene
92776,0,0,0,0,0,0,0,0,0,0,1,0,0,0,92776,204.35,CC1=CC[C@@H](C=C1)[C@@H](C)CCC=C(C)C,"(5R)-2-methyl-5-[(2S)-6-methylhept-5-en-2-yl]cyclohexa-1,3-diene",zingiberene
93019,0,0,0,0,0,0,0,0,0,0,1,0,0,0,93019,138.21,CC1=CCC(CC1)C(=O)C,1-(4-methylcyclohex-3-en-1-yl)ethanone,4-acetyl-1-methyl-1-cyclohexene
93081,0,1,0,0,0,1,0,0,0,0,0,0,0,0,93081,204.35,C[C@@H]1CC[C@H]([C@H]2[C@]13[C@@H]2C(=C)CC3)C(C)C,"(1R,5S,6R,7S,10R)-10-methyl-4-methylidene-7-propan-2-yltricyclo[4.4.0.01,5]decane",beta-cubebene
93111,0,0,0,0,0,0,0,0,0,0,0,0,1,0,93111,142.15,CCC1=C(C(=O)C(O1)C)O,5-ethyl-4-hydroxy-2-methylfuran-3-one,27538-09-6
95289,0,0,0,0,0,0,0,0,0,0,1,0,0,0,95289,192.21,COC1=CC2=C(C=C1CC=C)OCO2,"5-methoxy-6-prop-2-enyl-1,3-benzodioxole",sarisan
95330,0,0,1,0,0,0,0,0,0,1,0,0,0,0,95330,168.28,CC1(C2CCC1(C(C2)OC)C)C,"2-methoxy-1,7,7-trimethylbicyclo[2.2.1]heptane",bornyl methyl ether
97897,0,0,0,0,0,0,0,1,0,0,0,0,0,1,97897,224.34,CCCC(=O)OC1CC2CCC1(C2(C)C)C,"(1,7,7-trimethyl-2-bicyclo[2.2.1]heptanyl) butanoate",bornyl butyrate
97987,0,0,0,0,0,1,0,0,0,0,0,0,0,0,97987,172.26,CCCCCCC(C)OC(=O)C,octan-2-yl acetate,1-methylheptyl acetate
100197,0,0,0,0,0,0,0,1,0,0,0,0,0,0,100197,154.25,CC(=CC(C(C)(C)C=C)O)C,"3,3,6-trimethylhepta-1,5-dien-4-ol","3,3,6-trimethylhepta-1,5-dien-4-ol"
102611,0,0,0,0,1,0,0,0,0,0,0,0,0,1,102611,170.25,CC(=CCCC(C)(C1CO1)O)C,6-methyl-2-(oxiran-2-yl)hept-5-en-2-ol,1365-19-1
106217,0,0,0,1,0,0,0,0,0,0,0,0,0,0,106217,150.3,CC(C)(C=O)SSC,2-methyl-2-(methyldisulfanyl)propanal,2-(methyldithio)isobutyraldehyde
111274,0,0,0,0,0,0,0,0,1,0,0,0,0,0,111274,152.23,CC(=C)[C@@H]1CC[C@@](C=C1)(C)O,"(1R,4R)-1-methyl-4-prop-1-en-2-ylcyclohex-2-en-1-ol",52154-82-2
112045,0,1,0,0,0,0,0,0,0,0,0,0,0,0,112045,238.37,CCCCC(=O)OC(C)(CCC=C(C)C)C=C,"3,7-dimethylocta-1,6-dien-3-yl pentanoate",linalyl valerate
117477,0,0,0,0,0,1,0,0,0,0,0,0,0,0,117477,144.21,CCOC(=O)CCC(C)C,ethyl 4-methylpentanoate,ethyl 4-methylvalerate
119831,0,0,0,0,0,1,0,0,0,0,0,0,0,0,119831,220.35,CC1CCC2C13CC(C2(C)C)C(=C)C(C3)O,"2,6,6-trimethyl-8-methylidenetricyclo[5.3.1.01,5]undecan-9-ol",cedr-8(15)-en-9-ol
162293,0,0,1,0,0,0,0,0,0,0,0,0,0,0,162293,141.24,CCC1=C(N=C(S1)C)C,"5-ethyl-2,4-dimethyl-1,3-thiazole","5-ethyl-2,4-dimethylthiazole"
226486,0,0,0,0,1,0,0,0,0,0,0,0,1,0,226486,194.23,COC1=CC(=CC(=C1O)OC)CC=C,"2,6-dimethoxy-4-prop-2-enylphenol","4-allyl-2,6-dimethoxyphenol"
227829,0,0,0,0,0,0,0,0,0,0,0,0,0,1,227829,222.37,C[C@H]1CC[C@H](CC2=C1CC[C@@H]2C)C(C)(C)O,"2-[(3S,5R,8S)-3,8-dimethyl-1,2,3,4,5,6,7,8-octahydroazulen-5-yl]propan-2-ol",guaiol
240119,0,1,0,0,0,0,0,0,0,0,0,0,1,0,240119,238.37,CC(C)CC(=O)OC(C)(CCC=C(C)C)C=C,"3,7-dimethylocta-1,6-dien-3-yl 3-methylbutanoate",linalyl isovalerate
246728,0,0,0,0,0,0,0,1,0,0,0,0,0,0,246728,128.21,CCCCCC(=O)CC,octan-3-one,3-octanone
281853,0,0,0,0,0,0,0,0,0,0,1,0,0,0,281853,112.13,CCC1=CCC(=O)O1,5-ethyl-3H-furan-2-one,"2(3h)-furanone, 5-ethyl-"
439570,0,0,0,0,0,0,0,0,1,0,0,0,0,0,439570,150.22,CC1=CC[C@H](CC1=O)C(=C)C,(5R)-2-methyl-5-prop-1-en-2-ylcyclohex-2-en-1-one,(-)-carvone
440917,0,1,0,0,0,0,0,0,1,0,0,0,0,0,440917,136.23,CC1=CC[C@@H](CC1)C(=C)C,(4R)-1-methyl-4-prop-1-en-2-ylcyclohexene,d-limonene
441005,0,0,0,0,0,0,0,0,0,0,0,0,0,1,441005,204.35,CC1=C[C@H]2[C@@H](CCC(=C2CC1)C)C(C)C,"(1S,8aR)-4,7-dimethyl-1-propan-2-yl-1,2,3,5,6,8a-hexahydronaphthalene",(+)-delta-cadinene
442343,0,0,0,0,0,0,0,1,0,0,0,0,0,0,442343,222.37,CC1=CC[C@H](CC1)[C@](C)(CCC=C(C)C)O,(2S)-6-methyl-2-[(1S)-4-methylcyclohex-3-en-1-yl]hept-5-en-2-ol,levomenol
442359,0,0,0,0,0,0,0,1,0,0,0,0,0,0,442359,204.35,C[C@@H]1CC[C@H]([C@H]2[C@]13[C@@H]2C(=CC3)C)C(C)C,"(1R,5S,6R,7S,10R)-4,10-dimethyl-7-propan-2-yltricyclo[4.4.0.01,5]dec-3-ene",alpha-cubebene
443165,0,0,0,0,0,0,0,0,0,0,1,0,0,1,443165,154.25,C[C@H]1CC[C@H](C[C@@H]1O)C(=C)C,"(1S,2S,5R)-2-methyl-5-prop-1-en-2-ylcyclohexan-1-ol",(+)-isodihydrocarveol
443181,0,0,0,0,0,0,0,1,0,0,0,0,0,0,443181,152.23,C[C@@H]1CC[C@@H](CC1=O)C(=C)C,"(2R,5S)-2-methyl-5-prop-1-en-2-ylcyclohexan-1-one",cis-dihydrocarvone
445639,0,0,0,1,0,0,0,0,0,0,0,0,0,0,445639,282.5,CCCCCCCC/C=C\CCCCCCCC(=O)O,(Z)-octadec-9-enoic acid,oleic acid
447466,0,0,0,0,1,0,0,0,0,0,0,0,0,0,447466,70.09,C/C=C/C=O,(E)-but-2-enal,crotonaldehyde
449290,0,0,0,0,0,0,1,0,0,0,0,0,0,0,449290,152.23,CC(=C)[C@@H]1CC[C@]2([C@@H](C1)O2)C,"(1S,4R,6R)-1-methyl-4-prop-1-en-2-yl-7-oxabicyclo[4.1.0]heptane",(+)-trans-limonene oxide
494311,0,0,0,0,0,0,0,0,1,0,0,0,0,0,494311,196.29,CC1CCC(C(C1)OC(=O)C)C(=C)C,(5-methyl-2-prop-1-en-2-ylcyclohexyl) acetate,isopulegol acetate
518472,0,0,0,0,0,0,1,0,0,0,0,0,0,0,518472,182.26,CC1(C2CCC1(C(C2)OC=O)C)C,"(1,7,7-trimethyl-2-bicyclo[2.2.1]heptanyl) formate",bornyl formate
519564,0,0,0,0,0,1,0,0,0,0,0,0,0,0,519564,178.27,CC1=CN=C(C(=N1)CCC(C)C)C,"2,5-dimethyl-3-(3-methylbutyl)pyrazine",18433-98-2
519709,0,0,0,0,0,0,0,0,0,0,0,1,0,0,519709,134.2,CCOC(=O)C(C)S,ethyl 2-sulfanylpropanoate,ethyl 2-mercaptopropionate
519764,0,0,0,0,0,1,0,1,0,0,0,0,1,1,519764,204.35,CC(CCC=C(C)C)C1CCC(=C)C=C1,3-(6-methylhept-5-en-2-yl)-6-methylidenecyclohexene,sesquiphellandrene
520098,0,0,1,0,0,0,0,0,0,0,0,0,0,0,520098,166.22,CCC(C)C1=NC=CN=C1OC,2-butan-2-yl-3-methoxypyrazine,24168-70-5
520108,0,0,0,0,0,0,0,0,0,0,0,1,0,0,520108,127.17,CC(=O)C1=NC=CS1,"1-(1,3-thiazol-2-yl)ethanone",2-acetylthiazole
521185,0,0,1,0,0,0,0,0,0,0,0,0,0,0,521185,222.37,CC1(CC2C(C1)C3(CCCC2(C3O)C)C)C,"1,4,4,7-tetramethyltricyclo[5.3.1.02,6]undecan-11-ol",alpha-caryophyllene alcohol
521348,0,0,0,0,0,0,0,0,0,0,0,1,0,0,521348,134.24,CCCC(CCO)S,3-sulfanylhexan-1-ol,3-mercapto-1-hexanol
521790,0,0,1,0,0,0,0,0,0,0,0,0,0,0,521790,102.13,CCC(=O)C(C)O,2-hydroxypentan-3-one,2-hydroxy-3-pentanone
521873,0,0,0,0,0,0,0,0,0,0,0,1,0,0,521873,128.19,CC1=CC=C(O1)CS,(5-methylfuran-2-yl)methanethiol,(5-methylfuran-2-yl)methanethiol
523035,0,0,0,0,0,0,0,0,1,0,0,0,0,0,523035,152.23,CC1(C2CCC(O1)(C=C2)C)C,"1,3,3-trimethyl-2-oxabicyclo[2.2.2]oct-5-ene","2,3-dehydro-1,8-cineole"
525032,1,0,0,0,0,0,0,0,0,0,0,0,0,0,525032,238.5,CCCCCCCCCC=CCCCCCC,heptadec-7-ene,heptadec-7-ene
526657,0,0,0,0,0,0,0,1,0,0,0,0,0,0,526657,154.25,CC(C)C1CCC(C=C1)(C)O,1-methyl-4-propan-2-ylcyclohex-2-en-1-ol,2-p-menthen-1-ol
526762,0,0,0,1,0,0,0,0,0,0,1,0,0,0,526762,150.22,CC(C)C1=CC=C(CC1)C=O,"4-propan-2-ylcyclohexa-1,3-diene-1-carbaldehyde","1,3-p-menthadien-7-al"
527142,0,0,0,0,0,0,0,1,0,0,0,0,0,0,527142,150.22,CC1=CC=C(CC1O)C(=C)C,"2-methyl-5-prop-1-en-2-ylcyclohexa-2,4-dien-1-ol","2-methyl-5-prop-1-en-2-ylcyclohexa-2,4-dien-1-ol"
527144,0,0,0,0,0,1,0,1,0,0,0,0,0,0,527144,196.29,CC1=CCC(CC1)C(C)COC(=O)C,2-(4-methylcyclohex-3-en-1-yl)propyl acetate,p-menth-1-en-9-yl acetate
529481,0,0,0,0,0,1,0,0,0,0,0,0,0,0,529481,170.25,CCCCCC(=O)C(C)C(=O)C,"3-methylnonane-2,4-dione","3-methylnonane-2,4-dione"
529907,0,0,0,1,0,0,0,0,0,0,0,0,0,0,529907,140.22,CCCCCC=CCC=O,non-3-enal,non-3-enal
586728,0,0,1,0,0,0,0,0,0,0,0,0,0,0,586728,138.17,CC1=CN=C(C(=N1)OC)C,"3-methoxy-2,5-dimethylpyrazine","3-methoxy-2,5-dimethylpyrazine"
637564,0,0,0,0,0,0,1,0,0,0,0,0,0,0,637564,96.13,C/C=C/C=C/C=O,"(2E,4E)-hexa-2,4-dienal","2,4-hexadienal"
637758,0,0,0,0,1,0,0,0,0,0,0,0,0,0,637758,176.21,CCOC(=O)/C=C/C1=CC=CC=C1,ethyl (E)-3-phenylprop-2-enoate,ethyl cinnamate
638011,0,0,0,0,0,0,0,0,1,0,0,0,0,0,638011,152.23,CC(=CCC/C(=C/C=O)/C)C,"(2E)-3,7-dimethylocta-2,6-dienal",citral
638014,0,0,0,0,1,0,0,0,0,0,0,0,0,0,638014,192.3,CC1=C(C(CCC1)(C)C)/C=C/C(=O)C,"(E)-4-(2,6,6-trimethylcyclohexen-1-yl)but-3-en-2-one",beta-ionone
643312,0,0,0,0,0,0,0,0,0,0,0,0,1,0,643312,138.16,C1=CC=C(C=C1)[C@@H](CO)O,"(1S)-1-phenylethane-1,2-diol",25779-13-9
643731,0,0,0,0,0,0,1,0,0,0,0,0,0,0,643731,138.21,CC/C=C\CC/C=C/C=O,"(2E,6Z)-nona-2,6-dienal","trans-2,cis-6-nonadienal"
643820,0,0,0,0,0,0,0,0,0,0,0,0,1,0,643820,154.25,CC(=CCC/C(=C\CO)/C)C,"(2Z)-3,7-dimethylocta-2,6-dien-1-ol",nerol
643941,0,0,0,0,0,0,1,0,0,0,0,0,0,0,643941,98.14,CC/C=C\CC=O,(Z)-hex-3-enal,cis-3-hexenal
853433,0,0,0,0,1,0,0,0,0,0,0,0,0,0,853433,164.2,C/C=C/C1=CC(=C(C=C1)O)OC,2-methoxy-4-[(E)-prop-1-enyl]phenol,isoeugenol
1201528,0,0,0,0,0,0,0,0,0,0,1,0,0,0,1201528,150.22,CC1([C@@H]2CC=C([C@H]1C2)C=O)C,"(1S,5R)-6,6-dimethylbicyclo[3.1.1]hept-2-ene-2-carbaldehyde",unii-7n44sfn4ss
1549025,0,0,0,0,0,1,0,0,0,0,0,0,0,0,1549025,196.29,CC(=CCC/C(=C\COC(=O)C)/C)C,"[(2Z)-3,7-dimethylocta-2,6-dienyl] acetate",neryl acetate
1549778,0,0,0,0,0,0,1,0,0,0,0,0,0,0,1549778,194.31,CC(=CCC/C(=C/CCC(=O)C)/C)C,"(5E)-6,10-dimethylundeca-5,9-dien-2-one",geranylacetone
1549992,0,0,0,0,1,0,0,0,0,0,1,0,0,0,1549992,222.37,CC1=CC[C@@H](CC1)[C@@](C)(CCC=C(C)C)O,(2R)-6-methyl-2-[(1R)-4-methylcyclohex-3-en-1-yl]hept-5-en-2-ol,alpha-bisabolol
1711945,0,0,0,0,1,0,0,0,0,0,0,0,0,0,1711945,262.4,CC(=CCC/C(=C/CC/C(=C/CCC(=O)C)/C)/C)C,"(5E,9E)-6,10,14-trimethylpentadeca-5,9,13-trien-2-one",farnesylacetone
1712087,0,0,0,0,0,0,0,0,0,0,0,0,1,0,1712087,154.25,C[C@@H]1CCO[C@@H](C1)C=C(C)C,"(2S,4R)-4-methyl-2-(2-methylprop-1-enyl)oxane",3033-23-6
1742210,0,0,0,0,0,0,0,1,0,0,1,0,1,0,1742210,220.35,C[C@@]12CC[C@@H]3[C@H](CC3(C)C)C(=C)CC[C@H]1O2,"(1R,4R,6R,10S)-4,12,12-trimethyl-9-methylidene-5-oxatricyclo[8.2.0.04,6]dodecane",caryophyllene oxide
2724159,0,0,0,1,0,0,0,0,0,0,0,0,0,0,2724159,150.22,CC(=C)[C@H]1CCC(=CC1)C=O,(4S)-4-prop-1-en-2-ylcyclohexene-1-carbaldehyde,18031-40-8
3018619,0,0,0,1,0,0,0,0,0,0,0,0,0,0,3018619,212.37,CC(C)CCCCCCCCCCC=O,12-methyltridecanal,12-methyltridecanal
3084311,0,0,0,0,0,0,0,1,0,0,0,0,0,0,3084311,222.37,CC1=C[C@H]2[C@@H](CC[C@@]([C@H]2CC1)(C)O)C(C)C,"(1R,4S,4aR,8aS)-1,6-dimethyl-4-propan-2-yl-3,4,4a,7,8,8a-hexahydro-2H-naphthalen-1-ol",delta-cadinol
3084331,0,0,0,0,0,0,0,1,0,0,1,0,0,0,3084331,222.37,CC1=C[C@H]2[C@@H](CC[C@]([C@H]2CC1)(C)O)C(C)C,"(1S,4S,4aR,8aS)-1,6-dimethyl-4-propan-2-yl-3,4,4a,7,8,8a-hexahydro-2H-naphthalen-1-ol",t-muurolol
5280435,0,0,0,0,1,0,0,0,0,0,0,0,0,0,5280435,296.5,C[C@@H](CCC[C@@H](C)CCC/C(=C/CO)/C)CCCC(C)C,"(E,7R,11R)-3,7,11,15-tetramethylhexadec-2-en-1-ol",phytol
5281168,0,0,0,1,0,0,1,0,0,0,0,0,0,0,5281168,98.14,CCC/C=C/C=O,(E)-hex-2-enal,trans-2-hexenal
5281515,0,0,0,0,0,0,0,0,0,0,1,0,0,1,5281515,204.35,C/C/1=C\CCC(=C)[C@H]2CC([C@@H]2CC1)(C)C,"(1R,4E,9S)-4,11,11-trimethyl-8-methylidenebicyclo[7.2.0]undec-4-ene",beta-caryophyllene
5281516,0,0,0,0,0,0,0,0,0,0,0,0,1,1,5281516,204.35,CC(=CCC/C(=C/C/C=C(\C)/C=C)/C)C,"(3E,6E)-3,7,11-trimethyldodeca-1,3,6,10-tetraene",alpha-farnesene
5281517,0,1,0,0,0,0,0,0,0,0,0,0,1,1,5281517,204.35,CC(=CCC/C(=C/CCC(=C)C=C)/C)C,"(6E)-7,11-dimethyl-3-methylidenedodeca-1,6,10-triene",trans-beta-farnesene
5281519,0,0,1,0,0,0,0,0,0,0,1,0,0,1,5281519,204.35,C/C/1=C\CC/C(=C/CC(=C(C)C)CC1)/C,"(1E,5E)-1,5-dimethyl-8-propan-2-ylidenecyclodeca-1,5-diene",germacrene b
5281520,0,0,0,0,0,0,0,0,0,0,0,0,0,1,5281520,204.35,C/C/1=C\CC(/C=C/C/C(=C/CC1)/C)(C)C,"(1E,4E,8E)-2,6,6,9-tetramethylcycloundeca-1,4,8-triene",humulene
5281522,0,0,0,0,0,0,0,0,0,0,0,0,0,1,5281522,204.35,C/C/1=C/CCC(=C)[C@H]2CC([C@@H]2CC1)(C)C,"(1R,4Z,9S)-4,11,11-trimethyl-8-methylidenebicyclo[7.2.0]undec-4-ene",isocaryophyllene
5281535,0,0,0,0,0,0,0,0,0,0,0,0,1,0,5281535,218.33,C/C(=C\CCC(=C)C=C)/CC/C=C(\C)/C=O,"(2E,6E)-2,6-dimethyl-10-methylidenedodeca-2,6,11-trienal",beta-sinensal
5281553,0,0,0,0,0,0,0,1,0,0,0,0,1,0,5281553,136.23,CC(=CC/C=C(\C)/C=C)C,"(3E)-3,7-dimethylocta-1,3,6-triene",(e)-beta-ocimene
5282108,0,0,0,0,0,0,0,0,0,0,0,0,0,1,5282108,192.3,CC1=CCCC(C1/C=C/C(=O)C)(C)C,"(E)-4-(2,6,6-trimethylcyclohex-2-en-1-yl)but-3-en-2-one",alpha-ionone
5282707,0,0,0,1,0,0,0,0,0,1,0,0,0,0,5282707,114.14,CCC/C=C/C(=O)O,(E)-hex-2-enoic acid,trans-2-hexenoic acid
5283316,0,0,0,1,0,0,1,0,0,0,0,0,0,0,5283316,112.17,CCCC/C=C/C=O,(E)-hept-2-enal,trans-2-heptenal
5283321,0,0,0,1,0,0,0,0,0,0,0,0,0,0,5283321,110.15,CC/C=C/C=C/C=O,"(2E,4E)-hepta-2,4-dienal","2,4-heptadienal"
5283324,0,0,0,1,0,0,1,0,0,0,0,0,0,0,5283324,126.2,CCCCC/C=C/C=O,(E)-oct-2-enal,trans-2-octenal
5283329,0,0,0,0,0,0,1,0,0,0,0,0,0,0,5283329,124.18,CCC/C=C/C=C/C=O,"(2E,4E)-octa-2,4-dienal","(2e,4e)-octa-2,4-dienal"
5283335,0,0,0,1,0,0,1,0,0,0,0,0,0,0,5283335,140.22,CCCCCC/C=C/C=O,(E)-non-2-enal,trans-2-nonenal
5283339,0,0,0,1,0,0,1,0,0,0,0,0,0,0,5283339,138.21,CCCC/C=C/C=C/C=O,"(2E,4E)-nona-2,4-dienal","trans,trans-2,4-nonadienal"
5283349,0,0,0,1,0,0,0,0,0,0,0,0,0,0,5283349,152.23,CCCCC/C=C/C=C/C=O,"(2E,4E)-deca-2,4-dienal","(2e,4e)-deca-2,4-dienal"
5283356,0,0,0,1,0,0,1,0,0,0,0,0,1,0,5283356,168.28,CCCCCCCC/C=C/C=O,(E)-undec-2-enal,trans-2-undecenal
5283361,0,0,0,1,0,0,1,0,0,0,0,0,1,0,5283361,182.3,CCCCCCCCC/C=C/C=O,(E)-dodec-2-enal,trans-2-dodecenal
5284507,0,0,0,0,1,0,0,0,0,0,0,0,0,1,5284507,222.37,CC(=CCC/C(=C/CCC(C)(C=C)O)/C)C,"(6E)-3,7,11-trimethyldodeca-1,6,10-trien-3-ol",nerolidol
5317319,0,1,0,0,0,0,1,0,0,0,0,0,0,0,5317319,204.35,CC(=CCC/C(=C\CCC(=C)C=C)/C)C,"(6Z)-7,11-dimethyl-3-methylidenedodeca-1,6,10-triene",cis-beta-farnesene
5317570,0,0,0,0,0,0,0,0,0,0,1,0,0,1,5317570,204.35,C/C/1=C\CCC(=C)/C=C/[C@@H](CC1)C(C)C,"(1E,6E,8S)-1-methyl-5-methylidene-8-propan-2-ylcyclodeca-1,6-diene",(-)-germacrene d
5317844,0,0,0,0,0,0,0,0,0,0,0,0,0,1,5317844,204.35,C[C@H]1CC[C@H](CC2=C1CC[C@@H]2C)C(=C)C,"(1S,4S,7R)-1,4-dimethyl-7-prop-1-en-2-yl-1,2,3,4,5,6,7,8-octahydroazulene",alpha-guaiene
5318042,0,0,0,0,0,0,1,0,0,0,0,0,0,0,5318042,100.16,CCC/C=C/CO,(E)-hex-2-en-1-ol,trans-2-hexen-1-ol
5318557,0,0,0,0,1,0,0,0,0,0,1,0,0,0,5318557,208.25,C/C=C/C1=CC(=C(C(=C1)OC)OC)OC,"1,2,3-trimethoxy-5-[(E)-prop-1-enyl]benzene",isoelemicin
5320249,0,0,0,0,0,1,0,0,0,0,0,0,0,0,5320249,136.23,CC(=C)CC/C=C(\C)/C=C,"(3E)-3,7-dimethylocta-1,3,7-triene",alpha-ocimene
5320250,0,1,0,0,1,0,0,1,0,0,0,0,0,0,5320250,136.23,CC(=CC/C=C(/C)\C=C)C,"(3Z)-3,7-dimethylocta-1,3,6-triene",(z)-beta-ocimene
5321950,0,0,0,0,0,1,1,0,0,0,0,0,0,0,5321950,84.12,C/C=C(\C)/C=O,(E)-2-methylbut-2-enal,tiglic aldehyde
5324489,0,0,0,0,0,1,1,0,0,0,0,0,0,0,5324489,100.16,CCC/C=C\CO,(Z)-hex-2-en-1-ol,cis-2-hexen-1-ol
5352428,0,0,0,0,0,0,0,0,0,0,0,0,1,0,5352428,196.29,CCCCC/C=C\CC1CCC(=O)O1,5-[(Z)-oct-2-enyl]oxolan-2-one,18679-18-0
5352438,0,0,0,0,0,0,1,0,0,0,0,0,0,0,5352438,170.25,CCCC(=O)OCC/C=C\CC,[(Z)-hex-3-enyl] butanoate,cis-3-hexenyl butyrate
5352481,0,0,0,0,0,1,0,0,0,0,0,0,1,1,5352481,208.3,CC(=O)/C=C/C12C(CCCC1(O2)C)(C)C,"(E)-4-(2,2,6-trimethyl-7-oxabicyclo[4.1.0]heptan-1-yl)but-3-en-2-one",beta-ionone epoxide
5352543,0,0,0,0,0,1,0,0,0,0,0,0,0,0,5352543,198.3,CCCCCC(=O)OCC/C=C\CC,[(Z)-hex-3-enyl] hexanoate,cis-3-hexenyl hexanoate
5352808,0,0,0,1,0,0,0,0,0,0,0,0,0,0,5352808,138.21,CC/C=C\C/C=C\CC=O,"(3Z,6Z)-nona-3,6-dienal","(3z,6z)-nona-3,6-dienal"
5352876,0,0,0,1,0,1,0,0,0,0,0,0,0,0,5352876,124.18,CC/C=C/C=C/C(=O)C,"(3E,5E)-octa-3,5-dien-2-one","3,5-octadien-2-one"
5354833,0,0,0,1,0,0,0,0,0,0,0,0,0,0,5354833,140.22,CCCCCC/C=C\C=O,(Z)-non-2-enal,(z)-non-2-enal
5355856,0,0,0,0,0,1,0,0,0,0,0,0,0,0,5355856,224.34,CCCC(=O)OC/C=C(\C)/CCC=C(C)C,"[(2E)-3,7-dimethylocta-2,6-dienyl] butanoate",geranyl butyrate
5362620,0,0,0,0,0,0,1,0,0,1,0,0,0,0,5362620,154.25,CCCCC/C=C\CCC=O,(Z)-dec-4-enal,cis-4-decenal
5362830,0,0,0,0,0,1,0,0,0,0,0,0,0,0,5362830,238.37,CC(C)CC(=O)OC/C=C(\C)/CCC=C(C)C,"[(2E)-3,7-dimethylocta-2,6-dienyl] 3-methylbutanoate",geranyl isovalerate
5363388,0,0,0,0,0,0,1,0,0,0,0,0,0,0,5363388,142.2,CC/C=C\CCOC(=O)C,[(Z)-hex-3-enyl] acetate,cis-3-hexenyl acetate
5363876,0,0,0,0,0,0,0,0,0,0,0,0,0,1,5363876,206.28,CC1=C(C(CCC1=O)(C)C)/C=C/C(=O)C,"2,4,4-trimethyl-3-[(E)-3-oxobut-1-enyl]cyclohex-2-en-1-one",4-oxo-beta-ionone
5364399,0,0,0,0,0,1,0,0,0,1,0,0,0,0,5364399,170.25,CCCCC/C=C/C(=O)OCC,ethyl (E)-oct-2-enoate,ethyl trans-2-octenoate
5364752,0,0,0,0,0,1,0,0,0,0,0,0,0,0,5364752,84.12,CC/C=C/C=O,(E)-pent-2-enal,trans-2-pentenal
5364919,0,0,0,0,0,0,1,0,0,0,0,0,0,0,5364919,86.13,CC/C=C\CO,(Z)-pent-2-en-1-ol,cis-2-penten-1-ol
5365069,0,0,0,0,0,0,0,1,0,0,0,0,1,0,5365069,184.27,CC/C=C\CCOC(=O)C(C)CC,[(Z)-hex-3-enyl] 2-methylbutanoate,53398-85-9
5365850,0,0,0,0,0,1,0,0,0,0,0,0,0,0,5365850,238.37,CCCCC(=O)OC/C=C(\C)/CCC=C(C)C,"[(2E)-3,7-dimethylocta-2,6-dienyl] pentanoate",geranyl valerate
5365910,0,0,0,0,1,1,1,0,0,0,0,0,0,0,5365910,182.26,CC(=CCC/C(=C/C(=O)OC)/C)C,"methyl (2E)-3,7-dimethylocta-2,6-dienoate",methyl geranate
5366239,0,0,0,0,0,0,1,0,0,0,0,0,0,0,5366239,86.13,C/C=C/C(C)O,(E)-pent-3-en-2-ol,3-penten-2-ol
5367475,0,0,0,0,0,0,1,0,0,0,0,0,0,0,5367475,108.18,CC/C=C\C=C\C=C,"(3E,5Z)-octa-1,3,5-triene","(3e,5z)-octa-1,3,5-triene"
5370052,0,0,0,0,0,0,0,0,0,0,1,0,0,0,5370052,208.3,CC1=CC(=O)CC(C1/C=C/C(C)O)(C)C,"4-[(E)-3-hydroxybut-1-enyl]-3,5,5-trimethylcyclohex-2-en-1-one",3-oxo-alpha-ionol
5464156,0,0,0,0,0,0,0,1,0,0,0,0,0,0,5464156,154.25,CC(=CC[C@@H](CO)C(=C)C)C,(2R)-5-methyl-2-prop-1-en-2-ylhex-4-en-1-ol,(r)-lavandulol
6321405,0,0,0,0,0,0,0,0,0,1,0,0,0,0,6321405,154.25,C[C@@]12CC[C@@H](C1(C)C)C[C@H]2O,"(1R,2R,4R)-1,7,7-trimethylbicyclo[2.2.1]heptan-2-ol",isoborneol
6326181,0,0,0,0,0,0,0,0,0,0,0,0,0,1,6326181,154.25,CC(C)[C@@]12CC[C@@]([C@@H]1C2)(C)O,"(1R,2R,5S)-2-methyl-5-propan-2-ylbicyclo[3.1.0]hexan-2-ol",4-thujanol
6427087,0,0,0,1,0,0,0,0,0,0,0,0,0,0,6427087,152.23,CCCCC/C=C\C=C\C=O,"(2E,4Z)-deca-2,4-dienal","(2e,4z)-deca-2,4-dienal"
6427787,0,1,0,0,0,0,1,0,0,0,0,0,0,0,6427787,170.25,C[C@]1(CC[C@@H](C(O1)(C)C)O)C=C,"(3S,6S)-6-ethenyl-2,2,6-trimethyloxan-3-ol",unii-p6b6jd2n2z
6428570,0,0,1,0,0,0,0,1,0,0,0,0,0,0,6428570,126.2,CC/C=C/CC(C=C)O,"(5E)-octa-1,5-dien-3-ol","1,5-octadien-3-ol"
6428573,0,0,0,0,1,0,0,0,0,0,0,0,0,0,6428573,170.25,C[C@]1(CC[C@@H](O1)C(C)(C)O)C=C,"2-[(2R,5S)-5-ethenyl-5-methyloxolan-2-yl]propan-2-ol","2-[(2r,5s)-5-ethenyl-5-methyloxolan-2-yl]propan-2-ol"
6428793,0,0,0,0,1,0,1,0,0,0,0,0,0,0,6428793,188.26,CC1=C(C(=C(C=C1)C)/C=C/C(=O)C)C,"(E)-4-(2,3,6-trimethylphenyl)but-3-en-2-one","(e)-4-(2',3',6'-trimethylphenyl)-3-buten-2-one"
6428926,0,1,1,0,0,0,1,0,0,0,0,0,0,0,6428926,166.22,CC1=C(OC=C1)CC2C(O2)(C)C,"2-[(3,3-dimethyloxiran-2-yl)methyl]-3-methylfuran",rose furan oxide
6428928,0,0,0,0,0,0,1,0,0,0,0,0,0,0,6428928,152.23,CC(=CC/C=C(\C)/CC=O)C,"(3E)-3,7-dimethylocta-3,6-dienal",isocitral
6428959,0,0,0,1,0,0,0,0,0,0,0,0,0,0,6428959,170.25,CCCCCCC(=O)CCC=O,4-oxodecanal,4-oxodecanal
6429077,0,0,0,0,0,0,0,1,0,0,1,0,0,0,6429077,202.33,C[C@H]1CC[C@H](C2=C1C=CC(=C2)C)C(C)C,"(1S,4S)-1,6-dimethyl-4-propan-2-yl-1,2,3,4-tetrahydronaphthalene",calamenene
6429268,0,0,1,0,0,0,0,0,0,0,0,0,0,0,6429268,134.18,CC1=CN=C(C(=N1)C)C=C,"2-ethenyl-3,5-dimethylpyrazine","2-ethenyl-3,5-dimethylpyrazine"
6429302,0,0,0,0,0,0,0,0,0,0,0,0,0,1,6429302,204.35,CC1=CC[C@H]2C[C@@H]1[C@]2(C)CCC=C(C)C,"(1S,5S,6R)-2,6-dimethyl-6-(4-methylpent-3-enyl)bicyclo[3.1.1]hept-2-ene",trans-alpha-bergamotene
6429308,0,0,0,0,1,0,0,0,0,0,0,0,0,0,6429308,134.24,CC(CC(C)(C)S)O,4-methyl-4-sulfanylpentan-2-ol,4-mercapto-4-methyl-2-pentanol
6430754,0,0,0,0,1,0,0,0,0,0,0,0,1,1,6430754,222.37,CC1=C2C[C@@H](CC[C@@]2(CCC1)C)C(C)(C)O,"2-[(2R,4aS)-4a,8-dimethyl-2,3,4,5,6,7-hexahydro-1H-naphthalen-2-yl]propan-2-ol",10-epi-gamma-eudesmol
6431144,0,0,1,0,0,0,0,0,0,0,0,0,0,0,6431144,148.2,CCC1=NC(=CN=C1C=C)C,2-ethenyl-3-ethyl-5-methylpyrazine,2-ethenyl-3-ethyl-5-methylpyrazine
6431475,0,0,0,0,1,0,0,0,0,0,0,0,0,0,6431475,170.25,C[C@@]1(CC[C@@H](O1)C(C)(C)O)C=C,"2-[(2R,5R)-5-ethenyl-5-methyloxolan-2-yl]propan-2-ol",trans-furan linalool oxide
6432005,0,0,0,0,0,0,0,0,0,0,0,0,1,0,6432005,222.37,CC1=C2C[C@@H](CC[C@]2(CCC1)C)C(C)(C)O,"2-[(2R,4aR)-4a,8-dimethyl-2,3,4,5,6,7-hexahydro-1H-naphthalen-2-yl]propan-2-ol",gamma-eudesmol
6432154,0,0,0,0,1,0,1,0,0,0,0,0,0,0,6432154,154.25,C[C@H]1CCO[C@H](C1)C=C(C)C,"(2R,4S)-4-methyl-2-(2-methylprop-1-enyl)oxane",(+)-cis-rose oxide
6432308,0,0,0,0,0,0,0,1,0,0,1,0,0,1,6432308,204.35,CC1=C[C@H]2[C@@H](CC1)C(=C)CC[C@@H]2C(C)C,"(1R,4aR,8aS)-7-methyl-4-methylidene-1-propan-2-yl-2,3,4a,5,6,8a-hexahydro-1H-naphthalene",.gamma.-muurolene
6432852,0,0,0,0,0,0,1,0,0,0,0,0,0,0,6432852,154.25,CCC/C=C\CCCCC=O,(Z)-dec-6-enal,(z)-6-decenal
6857487,0,1,0,0,0,0,0,0,0,0,0,0,0,0,6857487,152.23,CC(=C)[C@@H]1CC[C@@]2([C@H](C1)O2)C,"(1R,4R,6S)-1-methyl-4-prop-1-en-2-yl-7-oxabicyclo[4.1.0]heptane","(1r,4r,6s)-1-methyl-4-(prop-1-en-2-yl)-7-oxabicyclo[4.1.0]heptane"
6993580,0,0,1,0,0,0,0,0,0,1,0,0,0,0,6993580,206.19,CCOC(=O)[C@@H]([C@H](C(=O)OCC)O)O,"diethyl (2R,3R)-2,3-dihydroxybutanedioate",87-91-2
7093102,0,0,0,0,1,0,0,0,0,0,0,0,0,0,7093102,154.25,C[C@@H]1CCO[C@H](C1)C=C(C)C,"(2R,4R)-4-methyl-2-(2-methylprop-1-enyl)oxane",trans-rose oxide
8029780,0,1,0,0,0,0,0,0,0,0,0,0,0,0,8029780,152.23,CC(=C)[C@H]1CC[C@@]2([C@H](C1)O2)C,"(1R,4S,6S)-1-methyl-4-prop-1-en-2-yl-7-oxabicyclo[4.1.0]heptane",42477-94-1
9855795,0,0,0,0,0,0,1,0,0,0,0,0,0,0,9855795,204.35,C[C@@H]1CCC=C2[C@]1(C[C@@H](CC2)C(=C)C)C,"(3R,4aS,5R)-4a,5-dimethyl-3-prop-1-en-2-yl-2,3,4,5,6,7-hexahydro-1H-naphthalene",valencene
10398656,0,0,0,0,0,0,0,1,0,0,0,0,0,1,10398656,222.37,CC1=C[C@H]2[C@@H](CC[C@@]([C@@H]2CC1)(C)O)C(C)C,"(1R,4S,4aR,8aR)-1,6-dimethyl-4-propan-2-yl-3,4,4a,7,8,8a-hexahydro-2H-naphthalen-1-ol",alpha-cadinol
10655819,0,0,0,0,0,0,0,0,0,0,0,0,0,1,10655819,204.35,CC(=C1CC[C@]2(CCCC(=C)[C@@H]2C1)C)C,"(4aS,8aR)-8a-methyl-4-methylidene-6-propan-2-ylidene-2,3,4a,5,7,8-hexahydro-1H-naphthalene","selina-4(15),7(11)-diene"
10820954,0,0,0,0,0,0,0,0,0,0,1,0,0,0,10820954,166.22,C[C@H]1[C@@H]2CCC(=C[C@@H]2OC1=O)C,"(3S,3aS,7aR)-3,6-dimethyl-3a,4,5,7a-tetrahydro-3H-1-benzofuran-2-one",unii-pbi72od596
10899740,0,0,0,0,0,0,0,0,0,0,0,0,0,1,10899740,204.35,C[C@@H]1CC[C@H]2[C@@H]1[C@H]3[C@H](C3(C)C)CCC2=C,"(1aR,4aS,7R,7aR,7bS)-1,1,7-trimethyl-4-methylidene-2,3,4a,5,6,7,7a,7b-octahydro-1aH-cyclopropa[e]azulene",(-)-alloaromadendrene
11062802,0,0,1,0,0,0,0,0,0,1,0,0,0,0,11062802,168.28,C[C@@]12CC[C@@H](C1(C)C)C[C@@]2(C)O,"(1R,2R,4R)-1,2,7,7-tetramethylbicyclo[2.2.1]heptan-2-ol",2371-42-8
11084123,0,0,0,0,1,0,0,0,0,0,0,0,0,0,11084123,156.22,CCCC[C@@H]1[C@H](CC(=O)O1)C,"(4S,5R)-5-butyl-4-methyloxolan-2-one",trans-3-methyl-4-octanolide
11095734,0,0,0,0,0,0,0,0,0,0,0,0,0,1,11095734,204.35,C[C@@H]1CC[C@@H]2[C@@H]1[C@H]3[C@H](C3(C)C)CCC2=C,"(1aR,4aR,7R,7aR,7bS)-1,1,7-trimethyl-4-methylidene-2,3,4a,5,6,7,7a,7b-octahydro-1aH-cyclopropa[e]azulene",(+)-aromadendrene
11746218,0,0,1,0,0,0,0,0,0,0,1,0,0,0,11746218,222.37,C[C@@]12CCC[C@@](C1)([C@H]3CC([C@@H]3CC2)(C)C)O,"(1R,2S,5R,8S)-4,4,8-trimethyltricyclo[6.3.1.02,5]dodecan-1-ol",unii-9y50o7oh2e
11770062,0,0,0,0,0,0,0,1,0,0,1,0,0,0,11770062,222.37,C[C@@H]1CC[C@H]([C@H]2[C@]1(CCC(=C2)C)O)C(C)C,"(1S,4R,4aR,8aR)-4,7-dimethyl-1-propan-2-yl-2,3,4,5,6,8a-hexahydro-1H-naphthalen-4a-ol",(-)-cubenol
11996452,0,0,0,0,0,0,1,0,0,0,0,0,1,0,11996452,222.37,C[C@@H]1CC[C@H]2[C@@H]1[C@H]3[C@H](C3(C)C)CC[C@]2(C)O,"(1aR,4S,4aS,7R,7aS,7bS)-1,1,4,7-tetramethyl-2,3,4a,5,6,7,7a,7b-octahydro-1aH-cyclopropa[e]azulen-4-ol",viridiflorol
12125547,0,0,0,0,0,0,0,0,1,0,0,0,0,0,12125547,152.23,C[C@H]1CO[C@@H]2[C@H]1CCC(=C2)C,"(3R,3aS,7aR)-3,6-dimethyl-2,3,3a,4,5,7a-hexahydro-1-benzofuran",(+)-epi-dill ether
12302134,0,0,0,0,0,0,0,0,0,0,1,0,0,0,12302134,222.37,C[C@H]1CCC2=C(CC[C@H](C[C@@H]12)C(C)(C)O)C,"2-[(3S,3aS,5R)-3,8-dimethyl-1,2,3,3a,4,5,6,7-octahydroazulen-5-yl]propan-2-ol",bulnesol
12302243,0,0,0,0,0,0,0,0,0,0,0,0,0,1,12302243,200.32,CC1=CC[C@H](C2=C1C=CC(=C2)C)C(C)C,"(1S)-4,7-dimethyl-1-propan-2-yl-1,2-dihydronaphthalene",alpha-calacorene
12303902,0,0,0,0,0,0,0,0,0,0,1,0,0,1,12303902,204.35,CC1=CC[C@H]2[C@H]3[C@@H]1[C@@]2(CC[C@H]3C(C)C)C,"(1R,2S,6S,7S,8S)-1,3-dimethyl-8-propan-2-yltricyclo[4.4.0.02,7]dec-3-ene",copaene
12304196,0,0,0,0,0,0,0,0,0,0,0,0,1,1,12304196,222.37,CC1=CCC[C@]2([C@H]1C[C@H](CC2)C(C)(C)O)C,"2-[(2S,4aR,8aR)-4a,8-dimethyl-2,3,4,5,6,8a-hexahydro-1H-naphthalen-2-yl]propan-2-ol",7-epi-alpha-eudesmol
12306047,0,0,0,0,0,0,0,0,0,0,0,0,0,1,12306047,204.35,CC1=C[C@@H]2[C@H](CC1)C(=CC[C@H]2C(C)C)C,"(1S,4aS,8aR)-4,7-dimethyl-1-propan-2-yl-1,2,4a,5,6,8a-hexahydronaphthalene",alpha-muurolene
12309452,0,0,0,0,0,0,1,0,0,0,0,0,0,1,12309452,204.35,CC(=C1CC[C@]([C@H](C1)C(=C)C)(C)C=C)C,"(1R,2R)-1-ethenyl-1-methyl-4-propan-2-ylidene-2-prop-1-en-2-ylcyclohexane",29873-99-2
12858461,0,0,0,0,1,0,0,0,0,0,0,0,0,0,12858461,194.27,CC(=O)O[C@@H]1C[C@@H]2C[C@H](C1=C)C2(C)C,"[(1S,3R,5S)-6,6-dimethyl-2-methylidene-3-bicyclo[3.1.1]heptanyl] acetate",unii-36f6a8iv0p
13993189,0,0,0,0,0,0,0,1,0,0,0,0,0,0,13993189,218.33,C[C@@H]1CC[C@H](C2=C1C(=CC(=C2)C)O)C(C)C,"(5S,8R)-3,8-dimethyl-5-propan-2-yl-5,6,7,8-tetrahydronaphthalen-1-ol",5-hydroxycalamenene
15517020,0,0,1,0,0,0,0,0,0,1,0,0,0,0,15517020,260.4,CCSCC/C=C(\CC(=O)C=C)/C1=CC=CC=C1,"(5E)-8-ethylsulfanyl-5-phenylocta-1,5-dien-3-one",dtxsid401017701
15560252,0,0,0,0,0,0,0,0,0,0,1,0,0,1,15560252,204.35,C[C@H]1CCC(=C(C)C)CC2=C1CC[C@@H]2C,"(1S,4S)-1,4-dimethyl-7-propan-2-ylidene-2,3,4,5,6,8-hexahydro-1H-azulene",88-84-6
15825667,0,0,0,0,0,0,1,0,0,0,0,0,0,0,15825667,168.23,CCCCC[C@H]1[C@@H](O1)/C=C/C=O,"(E)-3-[(2S,3S)-3-pentyloxiran-2-yl]prop-2-enal","4,5-epoxydec-2(trans)-enal"
16213731,0,0,0,0,0,0,0,0,0,0,0,0,0,1,16213731,204.35,C[C@@H]1CC[C@@H]2[C@@H](C2(C)C)C3=C(CCC13)C,"(1aR,4R,7bS)-1,1,4,7-tetramethyl-1a,2,3,4,4a,5,6,7b-octahydrocyclopropa[e]azulene",(-)-alpha-gurjunene
20837773,0,0,0,0,0,0,1,0,0,0,0,0,0,0,20837773,152.23,CC(=CC/C=C(/C)\CC=O)C,"(3Z)-3,7-dimethylocta-3,6-dienal",isoneral
20837878,0,0,0,0,0,0,0,0,0,0,1,0,0,1,20837878,220.35,C[C@H]1CC[C@H]([C@H]2C1=CC(C(=C2)C)O)C(C)C,"(4aR,5S,8S)-3,8-dimethyl-5-propan-2-yl-2,4a,5,6,7,8-hexahydronaphthalen-2-ol",schembl309450
21606187,0,0,0,0,0,0,0,0,1,0,0,0,0,0,21606187,150.22,CC1=CC2C(=C(CO2)C)CC1,"3,6-dimethyl-2,4,5,7a-tetrahydro-1-benzofuran",linden ether
22559443,0,0,0,0,0,0,0,1,0,0,0,0,0,0,22559443,220.35,C/C/1=C/CCC2(C(O2)CC(/C=C\C1)(C)C)C,"(4Z,7Z)-1,5,9,9-tetramethyl-12-oxabicyclo[9.1.0]dodeca-4,7-diene","humuleneoxide,1,5,9,9-tetramethyl-12-oxabicyclododeca-4,7-diene"
23617864,0,0,0,0,0,1,0,0,0,0,0,0,0,0,23617864,210.31,CCC(=O)O[C@@H]1C[C@H]2CC[C@@]1(C2(C)C)C,"[(1R,2R,4R)-1,7,7-trimethyl-2-bicyclo[2.2.1]heptanyl] propanoate",isobornyl propanoate
23623868,0,0,1,0,0,0,1,0,0,0,0,0,0,0,23623868,182.26,C[C@@]12CC[C@@H](C1(C)C)C[C@H]2OC=O,"[(1R,2R,4R)-1,7,7-trimethyl-2-bicyclo[2.2.1]heptanyl] formate",isobornyl formate
57357909,0,0,0,0,0,1,0,0,0,0,1,0,0,0,57357909,100.12,C12C3C4C1=C5C2C3=C45,"pentacyclo[4.2.0.02,5.03,8.04,7]octa-1,3-diene",dtxsid70723931
86064872,0,0,0,0,0,0,0,0,0,1,0,0,0,0,86064872,152.23,CC1=CCC2CC1(C2(C)C)O,"2,6,6-trimethylbicyclo[3.1.1]hept-2-en-1-ol",pinenol
129830062,0,0,0,0,1,0,0,0,0,0,0,0,0,0,129830062,220.35,CC(=CCC/C(=C\CCC(=C)/C=C/O)/C)C,"(1E,6Z)-7,11-dimethyl-3-methylidenedodeca-1,6,10-trien-1-ol",beta-farnesol
154735146,0,0,0,0,1,0,1,0,0,0,0,0,0,0,154735146,188.26,CC1=C(C(=C(C=C1)C)/C=C\C(=O)C)C,"(Z)-4-(2,3,6-trimethylphenyl)but-3-en-2-one",dtxsid101017483
